prompt,response
What is the current outlook and risks for the tech sector?,"Tech stocks are facing headwinds due to rising interest rates. While the NASDAQ is up 15% YTD, semiconductor shortages and regulatory concerns in AI could impact growth. Consider diversifying exposure and implementing stop-loss orders. Key risks include potential antitrust legislation and supply chain disruptions."
What is the current state of the digital assets market?,"Bitcoin's price has been volatile this quarter. While crypto offers diversification benefits, it remains highly speculative and unregulated. Digital assets should typically represent no more than 5% of a diversified portfolio."
What are the key steps for new retail investors?,Open a brokerage account with $500 minimum. Start with low-cost index funds tracking the S&P 500. Remember to maintain an emergency fund of 3-6 months expenses before investing.
What are the current mortgage rates and implications?,"The 30-year fixed mortgage rate is 6.8%, reflecting Fed policy. This translates to $1,956 monthly payment on a $300,000 loan. Consider locking rates as further increases are expected."
What is the outlook for energy sector investments?,"XYZ Energy shows strong fundamentals with a P/E of 12. Recent pipeline expansion could drive growth. However, renewable energy regulations may impact profits."
What are the key advantages and considerations for ETF investing?,ETFs offer tax efficiency and lower fees compared to mutual funds. They trade like stocks and provide instant diversification. Consider your investment horizon and risk tolerance before investing.
What are the current savings account rates and recommendations?,"Online banks offer 4.5% APY on savings, while traditional banks average 0.4%. FDIC insurance covers up to $250,000 per depositor. Consider online banks for better yields."
What is happening with bond yields?,10-year Treasury yields at 4.2%. Bonds move inversely to interest rates.
What are the key considerations for 401k planning?,"Target date funds automatically adjust risk based on retirement year. Consider your employer match and contribution limits. Current limit is $22,500 annually."
What are the requirements and risks of day trading?,"Day trading involves buying and selling stocks within the same day. Pattern day trading requires $25,000 minimum account balance. High risk of losses."
